{
  "attendance_alert_logs": [
    {
      "Field": "id",
      "Type": "bigint",
      "Null": "NO",
      "Key": "PRI",
      "Default": null,
      "Extra": "auto_increment"
    },
    {
      "Field": "employee_id",
      "Type": "int",
      "Null": "NO",
      "Key": "MUL",
      "Default": null,
      "Extra": ""
    },
    {
      "Field": "attendance_date",
      "Type": "date",
      "Null": "NO",
      "Key": "MUL",
      "Default": null,
      "Extra": ""
    },
    {
      "Field": "alert_type",
      "Type": "enum('MISSING_IN','MISSING_OUT')",
      "Null": "NO",
      "Key": "",
      "Default": null,
      "Extra": ""
    },
    {
      "Field": "rule_id",
      "Type": "int",
      "Null": "NO",
      "Key": "MUL",
      "Default": null,
      "Extra": ""
    },
    {
      "Field": "emailed_employee",
      "Type": "tinyint(1)",
      "Null": "NO",
      "Key": "",
      "Default": "0",
      "Extra": ""
    },
    {
      "Field": "emailed_admins",
      "Type": "tinyint(1)",
      "Null": "NO",
      "Key": "",
      "Default": "0",
      "Extra": ""
    },
    {
      "Field": "email_subject",
      "Type": "varchar(255)",
      "Null": "YES",
      "Key": "",
      "Default": null,
      "Extra": ""
    },
    {
      "Field": "sent_at",
      "Type": "datetime",
      "Null": "YES",
      "Key": "",
      "Default": null,
      "Extra": ""
    },
    {
      "Field": "created_at",
      "Type": "datetime",
      "Null": "YES",
      "Key": "",
      "Default": "CURRENT_TIMESTAMP",
      "Extra": "DEFAULT_GENERATED"
    }
  ],
  "employee_shift_assignments": [
    {
      "Field": "id",
      "Type": "int",
      "Null": "NO",
      "Key": "PRI",
      "Default": null,
      "Extra": "auto_increment"
    },
    {
      "Field": "employee_id",
      "Type": "int",
      "Null": "NO",
      "Key": "MUL",
      "Default": null,
      "Extra": ""
    },
    {
      "Field": "shift_id",
      "Type": "int",
      "Null": "NO",
      "Key": "MUL",
      "Default": null,
      "Extra": ""
    },
    {
      "Field": "effective_from",
      "Type": "date",
      "Null": "NO",
      "Key": "",
      "Default": null,
      "Extra": ""
    },
    {
      "Field": "effective_to",
      "Type": "date",
      "Null": "YES",
      "Key": "",
      "Default": null,
      "Extra": ""
    },
    {
      "Field": "created_at",
      "Type": "datetime",
      "Null": "YES",
      "Key": "",
      "Default": "CURRENT_TIMESTAMP",
      "Extra": "DEFAULT_GENERATED"
    }
  ],
  "approvals": [
    {
      "Field": "id",
      "Type": "bigint unsigned",
      "Null": "NO",
      "Key": "PRI",
      "Default": null,
      "Extra": "auto_increment"
    },
    {
      "Field": "approvable_type",
      "Type": "varchar(191)",
      "Null": "NO",
      "Key": "MUL",
      "Default": null,
      "Extra": ""
    },
    {
      "Field": "approvable_id",
      "Type": "bigint unsigned",
      "Null": "NO",
      "Key": "",
      "Default": null,
      "Extra": ""
    },
    {
      "Field": "requested_by",
      "Type": "bigint unsigned",
      "Null": "NO",
      "Key": "MUL",
      "Default": null,
      "Extra": ""
    },
    {
      "Field": "approver_id",
      "Type": "bigint unsigned",
      "Null": "YES",
      "Key": "MUL",
      "Default": null,
      "Extra": ""
    },
    {
      "Field": "level",
      "Type": "tinyint unsigned",
      "Null": "NO",
      "Key": "",
      "Default": "1",
      "Extra": ""
    },
    {
      "Field": "status",
      "Type": "varchar(191)",
      "Null": "NO",
      "Key": "",
      "Default": "pending",
      "Extra": ""
    },
    {
      "Field": "comment",
      "Type": "text",
      "Null": "YES",
      "Key": "",
      "Default": null,
      "Extra": ""
    },
    {
      "Field": "created_at",
      "Type": "timestamp",
      "Null": "YES",
      "Key": "",
      "Default": null,
      "Extra": ""
    },
    {
      "Field": "updated_at",
      "Type": "timestamp",
      "Null": "YES",
      "Key": "",
      "Default": null,
      "Extra": ""
    }
  ],
  "employee_records": [
    {
      "Field": "id",
      "Type": "int",
      "Null": "NO",
      "Key": "PRI",
      "Default": null,
      "Extra": "auto_increment"
    },
    {
      "Field": "Employee_ID",
      "Type": "varchar(255)",
      "Null": "YES",
      "Key": "",
      "Default": null,
      "Extra": ""
    },
    {
      "Field": "Employee_Name",
      "Type": "varchar(255)",
      "Null": "YES",
      "Key": "",
      "Default": null,
      "Extra": ""
    },
    {
      "Field": "Designations",
      "Type": "varchar(255)",
      "Null": "YES",
      "Key": "",
      "Default": null,
      "Extra": ""
    },
    {
      "Field": "Department",
      "Type": "varchar(255)",
      "Null": "YES",
      "Key": "",
      "Default": null,
      "Extra": ""
    },
    {
      "Field": "Status",
      "Type": "varchar(255)",
      "Null": "YES",
      "Key": "",
      "Default": null,
      "Extra": ""
    },
    {
      "Field": "Office_Location",
      "Type": "varchar(255)",
      "Null": "YES",
      "Key": "",
      "Default": null,
      "Extra": ""
    },
    {
      "Field": "Offer_Letter",
      "Type": "varchar(255)",
      "Null": "YES",
      "Key": "",
      "Default": null,
      "Extra": ""
    },
    {
      "Field": "Date_of_Joining",
      "Type": "varchar(255)",
      "Null": "YES",
      "Key": "",
      "Default": null,
      "Extra": ""
    },
    {
      "Field": "Probation",
      "Type": "varchar(255)",
      "Null": "YES",
      "Key": "",
      "Default": null,
      "Extra": ""
    },
    {
      "Field": "Status.1",
      "Type": "varchar(255)",
      "Null": "YES",
      "Key": "",
      "Default": null,
      "Extra": ""
    },
    {
      "Field": "Reporting",
      "Type": "varchar(255)",
      "Null": "YES",
      "Key": "",
      "Default": null,
      "Extra": ""
    },
    {
      "Field": "Gender",
      "Type": "varchar(255)",
      "Null": "YES",
      "Key": "",
      "Default": null,
      "Extra": ""
    },
    {
      "Field": "Date_of_Birth",
      "Type": "varchar(255)",
      "Null": "YES",
      "Key": "",
      "Default": null,
      "Extra": ""
    },
    {
      "Field": "CNIC",
      "Type": "varchar(255)",
      "Null": "YES",
      "Key": "",
      "Default": null,
      "Extra": ""
    },
    {
      "Field": "Email",
      "Type": "varchar(255)",
      "Null": "YES",
      "Key": "",
      "Default": null,
      "Extra": ""
    },
    {
      "Field": "Contact",
      "Type": "varchar(255)",
      "Null": "YES",
      "Key": "",
      "Default": null,
      "Extra": ""
    },
    {
      "Field": "Blood_Group",
      "Type": "varchar(255)",
      "Null": "YES",
      "Key": "",
      "Default": null,
      "Extra": ""
    },
    {
      "Field": "Relagion",
      "Type": "varchar(255)",
      "Null": "YES",
      "Key": "",
      "Default": null,
      "Extra": ""
    },
    {
      "Field": "Status.2",
      "Type": "varchar(255)",
      "Null": "YES",
      "Key": "",
      "Default": null,
      "Extra": ""
    },
    {
      "Field": "Emergency_Contact",
      "Type": "varchar(255)",
      "Null": "YES",
      "Key": "",
      "Default": null,
      "Extra": ""
    },
    {
      "Field": "Relation",
      "Type": "varchar(255)",
      "Null": "YES",
      "Key": "",
      "Default": null,
      "Extra": ""
    },
    {
      "Field": "Address",
      "Type": "varchar(255)",
      "Null": "YES",
      "Key": "",
      "Default": null,
      "Extra": ""
    },
    {
      "Field": "Official_Email",
      "Type": "varchar(255)",
      "Null": "YES",
      "Key": "",
      "Default": null,
      "Extra": ""
    },
    {
      "Field": "password_hash",
      "Type": "varchar(255)",
      "Null": "YES",
      "Key": "",
      "Default": null,
      "Extra": ""
    },
    {
      "Field": "can_login",
      "Type": "tinyint(1)",
      "Null": "NO",
      "Key": "",
      "Default": "0",
      "Extra": ""
    },
    {
      "Field": "is_active",
      "Type": "tinyint(1)",
      "Null": "NO",
      "Key": "",
      "Default": "1",
      "Extra": ""
    },
    {
      "Field": "last_login_at",
      "Type": "datetime",
      "Null": "YES",
      "Key": "",
      "Default": null,
      "Extra": ""
    },
    {
      "Field": "must_change_password",
      "Type": "tinyint(1)",
      "Null": "NO",
      "Key": "",
      "Default": "0",
      "Extra": ""
    },
    {
      "Field": "Offical_Contact",
      "Type": "varchar(255)",
      "Null": "YES",
      "Key": "",
      "Default": null,
      "Extra": ""
    },
    {
      "Field": "login_email",
      "Type": "varchar(255)",
      "Null": "YES",
      "Key": "UNI",
      "Default": null,
      "Extra": "STORED GENERATED"
    },
    {
      "Field": "profile_img",
      "Type": "varchar(255)",
      "Null": "YES",
      "Key": "",
      "Default": null,
      "Extra": ""
    }
  ]
}